Name,Category,Score,Review_Num,Link,Addr
고기리막국수,국수,3.9,2739,https://place.map.kakao.com/83147987,"
경기 용인시 수지구 이종무로 157
(지번) 고기동 593-4
"
토향,쌈밥,3.7,822,https://place.map.kakao.com/9563389,"
경기 파주시 탄현면 성동로 19-87
(지번) 탄현면 성동리 671-1
"
초가집,한식,3.2,284,https://place.map.kakao.com/1641760987,"
경기 수원시 권선구 서수원로594번길 260 1층
(지번) 입북동 631-7
"
나인블럭 기흥점,카페,3.3,140,https://place.map.kakao.com/1600730637,"
경기 용인시 기흥구 공세로 34
(지번) 고매동 551-9
"
용암리막국수,국수,4.0,319,https://place.map.kakao.com/11347990,"
경기 양주시 은현면 평화로1889번길 46-12
(지번) 은현면 용암리 256
"
가보정 1관,갈비,3.5,103,https://place.map.kakao.com/8108863,"
경기 수원시 팔달구 장다리로 282
(지번) 인계동 958-1
"
미가훠궈양고기,중식,4.0,1549,https://place.map.kakao.com/12065307,"
경기 용인시 수지구 풍덕천로140번길 15 미성빌딩 1층
(지번) 풍덕천동 723-4
"
심학산도토리국수 본점,국수,3.8,768,https://place.map.kakao.com/21284482,"
경기 파주시 교하로681번길 12 1층
(지번) 동패동 1096-4
"
만수정,장어,3.4,462,https://place.map.kakao.com/9012879,"
경기 용인시 기흥구 신정로 135
(지번) 신갈동 373-1
"
오이삼계탕 부천본점,삼계탕,3.9,206,https://place.map.kakao.com/1680038907,"
경기 부천시 원미구 조마루로 87 2층 202호
(지번) 상동 557-4
"
타짜오리하우스 용인점,한식,3.9,285,https://place.map.kakao.com/1086706450,"
경기 용인시 기흥구 청명산로 97-1 1층
(지번) 하갈동 323-6
"
대궐막국수,국수,4.5,262,https://place.map.kakao.com/16318622,"
경기 안산시 상록구 용신로 282 1층
(지번) 사동 1209-7
"
명가소나무집,오리,3.1,119,https://place.map.kakao.com/8437377,"
경기 남양주시 불암로109번길 13 1층
(지번) 별내동 623-1
"
장어나라 본관,장어,2.6,13,https://place.map.kakao.com/12098068,"
경기 부천시 오정구 까치로6번길 6
(지번) 작동 435-1
"
길림성,중국요리,3.2,189,https://place.map.kakao.com/8208321,"
경기 수원시 장안구 송원로 2 2-3층
(지번) 송죽동 395-13
"
인하찹쌀순대,순대,3.8,304,https://place.map.kakao.com/11169444,"
경기 부천시 소사구 심곡로34번길 43 1층
(지번) 송내동 600
"
백세삼계탕 수원고색점,삼계탕,4.3,405,https://place.map.kakao.com/481731182,"
경기 수원시 권선구 서부로 1533 1-2층
(지번) 고색동 431-1
"
메밀꽃이피었습니다 일산본점,국수,3.3,184,https://place.map.kakao.com/27147207,"
경기 고양시 일산동구 고봉로 749 1층
(지번) 설문동 722-60
"
풍경한우,"육류,고기",2.9,91,https://place.map.kakao.com/39611073,"
경기 용인시 수지구 성복2로 376 1층
(지번) 성복동 627-2
"
차알 판교점,중국요리,2.9,670,https://place.map.kakao.com/1732222759,"
경기 성남시 분당구 동판교로177번길 25 판교아비뉴프랑 2층 214~215호
(지번) 삼평동 740
"
조가네갑오징어 부천점,"해물,생선",3.8,117,https://place.map.kakao.com/27178239,"
경기 부천시 원미구 길주로 125 다승프라자 118~120호
(지번) 상동 538-7
"
능라도 본점,냉면,3.0,405,https://place.map.kakao.com/14747791,"
경기 성남시 분당구 산운로32번길 12 1-3층
(지번) 운중동 883-3
"
빵다방,디저트카페,2.6,268,https://place.map.kakao.com/2054332148,"
경기 고양시 덕양구 흥도로 449
(지번) 성사동 243-18
"
황금장중화요리,중국요리,4.6,85,https://place.map.kakao.com/15991494,"
경기 부천시 소사구 심곡로 50 1층
(지번) 심곡본동 583-6
"
긴자 판교점,일식집,3.4,123,https://place.map.kakao.com/26815946,"
경기 성남시 분당구 판교로 185 신화푸드빌리지 3층 301호
(지번) 판교동 498
"
더맛있는족발보쌈 야탑점,"족발,보쌈",4.6,75,https://place.map.kakao.com/1323063863,"
경기 성남시 분당구 야탑로105번길 12-1 1층
(지번) 야탑동 370-3
"
카페대너리스 북한강지점,카페,3.8,2218,https://place.map.kakao.com/1012506923,"
경기 남양주시 조안면 북한강로 914 1-2층
(지번) 조안면 삼봉리 200-18
"
너른마당,한식,2.8,242,https://place.map.kakao.com/8233363,"
경기 고양시 덕양구 서삼릉길 233-4
(지번) 원당동 198-214
"
강릉동치미막국수 과천본점,국수,3.5,114,https://place.map.kakao.com/10121987,"
경기 과천시 과천대로2길 54 비상교육신사옥 G층
(지번) 갈현동 235-1
"
도나스데이 본점,카페,3.7,2533,https://place.map.kakao.com/978669489,"
경기 수원시 권선구 서수원로 174-2
(지번) 오목천동 221-2
"
덕성원,중국요리,3.4,29,https://place.map.kakao.com/8891178,"
경기 파주시 명동길 43 1층
(지번) 금촌동 323-10
"
장어의꿈,장어,4.2,1297,https://place.map.kakao.com/27219812,"
경기 남양주시 순화궁로 492-6 1층
(지번) 별내동 2184-76
"
훈장골 평택점,"육류,고기",3.7,459,https://place.map.kakao.com/141453992,"
경기 평택시 비전3로 157 2층
(지번) 죽백동 736
"
콩두,두부전문점,4.5,245,https://place.map.kakao.com/1551854371,"
경기 광명시 철산로 15 1층
(지번) 철산동 245-9
"
메밀래,국수,3.2,324,https://place.map.kakao.com/26847754,"
경기 용인시 기흥구 용구대로2145번길 23 1층
(지번) 신갈동 388-146
"
강강술래 늘봄농원점,"육류,고기",3.7,677,https://place.map.kakao.com/10166454,"
경기 고양시 덕양구 호국로 1526-3 1층
(지번) 대자동 75-7
"
북경,중국요리,3.4,393,https://place.map.kakao.com/8545659,"
경기 시흥시 평안상가5길 9 1-2층
(지번) 정왕동 1782-10
"
팔당초계국수 본점,국수,2.7,750,https://place.map.kakao.com/14080211,"
경기 남양주시 와부읍 다산로 43 1층
(지번) 와부읍 팔당리 80-11
"
서머셋 센트럴 분당 더카라,뷔페,4.0,6,https://place.map.kakao.com/635421084,"
경기 성남시 분당구 황새울로311번길 36
(지번) 서현동 261-1
"
청담추어정,추어,4.1,307,https://place.map.kakao.com/1460911840,"
경기 성남시 수정구 여수대로56번길 3 1층
(지번) 시흥동 37
"
고반가든 서수원점,갈비,3.7,389,https://place.map.kakao.com/535712082,"
경기 수원시 권선구 일월천로4번길 22 1층
(지번) 구운동 919-5
"
갤러리카페봄,갤러리카페,3.6,122,https://place.map.kakao.com/10385100,"
경기 과천시 가일로 15-3
(지번) 갈현동 354-3
"
강마을다람쥐 팔당본점,한식,3.3,116,https://place.map.kakao.com/11038579,"
경기 광주시 남종면 태허정로 556 1층
(지번) 남종면 삼성리 299-14
"
고메스퀘어 배곧점,뷔페,3.4,642,https://place.map.kakao.com/1419072859,"
경기 시흥시 서울대학로264번길 26-32 배곧중앙프라자 3층 306~318호
(지번) 배곧동 230
"
김네집,"찌개,전골",3.9,852,https://place.map.kakao.com/27220184,"
경기 평택시 중앙시장로25번길 15 1-2층
(지번) 신장동 322-37
"
설문커피,카페,3.6,157,https://place.map.kakao.com/1440136797,"
경기 고양시 일산동구 고봉로 832 1층
(지번) 설문동 582-52
"
삿뽀로 판교점,일식집,3.4,112,https://place.map.kakao.com/22484458,"
경기 성남시 분당구 대왕판교로606번길 58 판교푸르지오월드마크 2033호
(지번) 삼평동 741
"
카페숨,카페,3.8,562,https://place.map.kakao.com/200529765,"
경기 포천시 소흘읍 죽엽산로 502-61 1층
(지번) 소흘읍 고모리 735-1
"
여기풍천민물장어,장어,4.0,105,https://place.map.kakao.com/12672970,"
경기 성남시 분당구 대왕판교로 266 1층
(지번) 궁내동 203-8
"
아초원 하남본점,샤브샤브,4.1,353,https://place.map.kakao.com/19976563,"
경기 하남시 감일남로52번길 21-29 2층
(지번) 감일동 388-1
"
스타벅스 더양평DT,커피전문점,3.6,950,https://place.map.kakao.com/1976943632,"
경기 양평군 양평읍 양근로 76
(지번) 양평읍 양근리 501-3
"
카페헤세in헤세의정원,카페,3.3,71,https://place.map.kakao.com/19749954,"
경기 양주시 장흥면 호국로550번길 111
(지번) 장흥면 울대리 419
"
백두수산 거대장어,장어,3.5,134,https://place.map.kakao.com/2001824113,"
경기 평택시 오성면 강변로 409 1-2층
(지번) 오성면 길음리 287-16
"
그남자의이태리식당,이탈리안,4.3,70,https://place.map.kakao.com/2078493034,"
경기 안산시 단원구 고잔1길 40 동원빌딩 6층 601호
(지번) 고잔동 540-1
"
소리소시골밥상,한식,2.7,317,https://place.map.kakao.com/26953677,"
경기 남양주시 진건읍 진건우회로 95-1
(지번) 진건읍 사능리 580-5
"
기와집양대창센타,"곱창,막창",3.8,36,https://place.map.kakao.com/21295354,"
경기 하남시 감일남로 16 삼현PF 1차 1층
(지번) 감일동 370-10
"
돌다리집,"육류,고기",3.3,142,https://place.map.kakao.com/25158682,"
경기 구리시 경춘로248번길 17
(지번) 수택동 531-10
"
크래버대게나라 부천점,"게,대게",4.1,250,https://place.map.kakao.com/460469406,"
경기 부천시 원미구 송내대로265번길 19
(지번) 상동 538-3
"
고메스퀘어 영통점,뷔페,2.6,665,https://place.map.kakao.com/1898136333,"
경기 수원시 영통구 청명남로 40 키넥스빌딩 5층
(지번) 영통동 1011-1
"
꼬꼬오리주물럭,오리,4.2,1453,https://place.map.kakao.com/8241755,"
경기 김포시 양촌읍 흥신로239번길 49 1-2층
(지번) 양촌읍 흥신리 381-7
"
부산가야밀면 안양본점,국수,4.1,285,https://place.map.kakao.com/13092162,"
경기 안양시 만안구 문예로36번길 15 1층
(지번) 안양동 548-7
"
대가원 수원점,"육류,고기",3.8,129,https://place.map.kakao.com/26612580,"
경기 수원시 영통구 중부대로368번길 8-12
(지번) 매탄동 1197-4
"
그집,"해물,생선",3.1,268,https://place.map.kakao.com/10227305,"
경기 김포시 양촌읍 구래로87번길 137
(지번) 양촌읍 구래리 107-3
"
어부의밥상 송내본점,조개,3.8,52,https://place.map.kakao.com/27257671,"
경기 부천시 소사구 송내대로 33 2층
(지번) 송내동 709-5
"
어부,"해물,생선",3.8,117,https://place.map.kakao.com/1625317452,"
경기 화성시 향남읍 행정서로3길 3
(지번) 향남읍 행정리 425-1
"
피제리아다문,피자,3.6,227,https://place.map.kakao.com/17687478,"
경기 용인시 기흥구 죽전로15번길 11-8
(지번) 보정동 1186-10
"
포크너 본점,이탈리안,4.3,2239,https://place.map.kakao.com/589846825,"
경기 안산시 단원구 예술대학로 11 해남빌딩 112호
(지번) 고잔동 535-3
"
양우정 판교점,"육류,고기",4.6,42,https://place.map.kakao.com/2103661220,"
경기 성남시 분당구 대왕판교로606번길 10 상가동 라스트리트 1동 1층 112~114호
(지번) 백현동 531
"
민들레화로,"육류,고기",4.4,550,https://place.map.kakao.com/92369206,"
경기 오산시 외삼미로 7 1층
(지번) 외삼미동 426-4
"
파크프리베,양식,3.4,1224,https://place.map.kakao.com/1580065362,"
경기 의정부시 동일로192번길 28-27
(지번) 장암동 98-23
"
카페8794,카페,3.2,192,https://place.map.kakao.com/1382709005,"
경기 파주시 문산읍 통일로2010번길 36
(지번) 문산읍 운천리 56-90
"
연밀,중국요리,4.0,412,https://place.map.kakao.com/1673108386,"
경기 수원시 팔달구 창룡대로8번길 10 1층
(지번) 팔달로1가 5-4
"
두물머리연핫도그,패스트푸드,3.9,1666,https://place.map.kakao.com/535163769,"
경기 양평군 양서면 두물머리길 103-8 1층
(지번) 양서면 양수리 781
"
낙선재,한정식,3.2,524,https://place.map.kakao.com/21290010,"
경기 광주시 남한산성면 불당길 101
(지번) 남한산성면 불당리 194-1
"
임가네한우마을 본점,"육류,고기",3.2,341,https://place.map.kakao.com/16746514,"
경기 고양시 덕양구 흥도로 443-12
(지번) 성사동 244-2
"
청초수물회섭국 백운호수점,회,2.8,189,https://place.map.kakao.com/634359719,"
경기 의왕시 백운로 411 2-3층
(지번) 학의동 629-4
"
남궁 본점,중국요리,4.1,7,https://place.map.kakao.com/20885425,"
경기 고양시 일산서구 일산로 682 지하1층, 1-4층
(지번) 대화동 2101
"
김제한우,"육류,고기",4.0,445,https://place.map.kakao.com/8826539,"
경기 안산시 단원구 광덕서로 48 양지주차빌딩 1층
(지번) 고잔동 715-3
"
신라갈비,갈비,3.1,224,https://place.map.kakao.com/7975283,"
경기 수원시 영통구 동수원로 538
(지번) 원천동 89-7
"
북경오리구이,오리,3.9,88,https://place.map.kakao.com/11055528,"
경기 수원시 장안구 송원로 63 신성빌딩 1층
(지번) 송죽동 506-8
"
푸에르코 판교점,"육류,고기",2.8,134,https://place.map.kakao.com/1430452993,"
경기 성남시 분당구 분당내곡로 117 그레이츠 판교 2층
(지번) 백현동 535
"
평양면옥 분당점,냉면,3.4,128,https://place.map.kakao.com/16335389,"
경기 성남시 분당구 안골로 27 1층
(지번) 서현동 203-1
"
더티트렁크,양식,2.9,3781,https://place.map.kakao.com/754169606,"
경기 파주시 지목로 114 1층
(지번) 문발동 75-6
"
봄봄,한식뷔페,4.3,215,https://place.map.kakao.com/500800236,"
경기 부천시 원미구 부일로221번길 46 1층
(지번) 상동 453-2
"
군포해물탕,"매운탕,해물탕",3.3,108,https://place.map.kakao.com/8197548,"
경기 수원시 영통구 동수원로513번길 11 1층
(지번) 매탄동 131-41
"
족발팩토리,"족발,보쌈",4.2,256,https://place.map.kakao.com/25933415,"
경기 부천시 원미구 소향로13번길 14-22 금호프라자 110호
(지번) 상동 546-4
"
애월,조개,3.3,502,https://place.map.kakao.com/412754674,"
경기 수원시 팔달구 인계로166번길 16-3 1층
(지번) 인계동 1115-13
"
살롱드팔당,카페,3.1,265,https://place.map.kakao.com/1864863244,"
경기 남양주시 와부읍 경강로926번길 8-1
(지번) 와부읍 팔당리 775
"
육분당,한식,4.0,13,https://place.map.kakao.com/1367038520,"
경기 성남시 분당구 미금일로90번길 32 1층
(지번) 구미동 30
"
정가네능이백숙,삼계탕,4.2,61,https://place.map.kakao.com/19338855,"
경기 성남시 분당구 서현로247번길 9
(지번) 서현동 82-12
"
청초수물회섭국 백운호수점,회,2.8,189,https://place.map.kakao.com/634359719,"
경기 의왕시 백운로 411 2-3층
(지번) 학의동 629-4
"
남궁 본점,중국요리,4.1,7,https://place.map.kakao.com/20885425,"
경기 고양시 일산서구 일산로 682 지하1층, 1-4층
(지번) 대화동 2101
"
김제한우,"육류,고기",4.0,445,https://place.map.kakao.com/8826539,"
경기 안산시 단원구 광덕서로 48 양지주차빌딩 1층
(지번) 고잔동 715-3
"
신라갈비,갈비,3.1,224,https://place.map.kakao.com/7975283,"
경기 수원시 영통구 동수원로 538
(지번) 원천동 89-7
"
북경오리구이,오리,3.9,88,https://place.map.kakao.com/11055528,"
경기 수원시 장안구 송원로 63 신성빌딩 1층
(지번) 송죽동 506-8
"
푸에르코 판교점,"육류,고기",2.8,134,https://place.map.kakao.com/1430452993,"
경기 성남시 분당구 분당내곡로 117 그레이츠 판교 2층
(지번) 백현동 535
"
평양면옥 분당점,냉면,3.4,128,https://place.map.kakao.com/16335389,"
경기 성남시 분당구 안골로 27 1층
(지번) 서현동 203-1
"
더티트렁크,양식,2.9,3781,https://place.map.kakao.com/754169606,"
경기 파주시 지목로 114 1층
(지번) 문발동 75-6
"
봄봄,한식뷔페,4.3,215,https://place.map.kakao.com/500800236,"
경기 부천시 원미구 부일로221번길 46 1층
(지번) 상동 453-2
"
군포해물탕,"매운탕,해물탕",3.3,108,https://place.map.kakao.com/8197548,"
경기 수원시 영통구 동수원로513번길 11 1층
(지번) 매탄동 131-41
"
족발팩토리,"족발,보쌈",4.2,256,https://place.map.kakao.com/25933415,"
경기 부천시 원미구 소향로13번길 14-22 금호프라자 110호
(지번) 상동 546-4
"
애월,조개,3.3,502,https://place.map.kakao.com/412754674,"
경기 수원시 팔달구 인계로166번길 16-3 1층
(지번) 인계동 1115-13
"
살롱드팔당,카페,3.1,265,https://place.map.kakao.com/1864863244,"
경기 남양주시 와부읍 경강로926번길 8-1
(지번) 와부읍 팔당리 775
"
육분당,한식,4.0,13,https://place.map.kakao.com/1367038520,"
경기 성남시 분당구 미금일로90번길 32 1층
(지번) 구미동 30
"
정가네능이백숙,삼계탕,4.2,61,https://place.map.kakao.com/19338855,"
경기 성남시 분당구 서현로247번길 9
(지번) 서현동 82-12
"
신호등장작구이 서오릉본점,닭요리,3.3,636,https://place.map.kakao.com/13584562,"
경기 고양시 덕양구 서오릉로 396-14 1-2층
(지번) 용두동 432-100
"
경원식당 본점,"찌개,전골",4.1,348,https://place.map.kakao.com/10180071,"
경기 의정부시 둔야로49번길 21 1-2층
(지번) 의정부동 483
"
최가돈까스,"돈까스,우동",4.1,115,https://place.map.kakao.com/22614451,"
경기 성남시 분당구 정자일로 210 동양파라곤 1단지상가 지하1층 104호
(지번) 정자동 14-3
"
빕스 프리미어 판교점,패밀리레스토랑,3.4,270,https://place.map.kakao.com/20175651,"
경기 성남시 분당구 동판교로177번길 25 아브뉴프랑 2층
(지번) 삼평동 740
"
산으로간고등어,한식,4.0,996,https://place.map.kakao.com/267054429,"
경기 용인시 수지구 고기로 126 1층
(지번) 동천동 115-3
"
가비가배,카페,3.9,162,https://place.map.kakao.com/877816463,"
경기 포천시 영북면 산정호수로 849-130 1층
(지번) 영북면 산정리 430
"
장심도 한국본점,장어,4.9,234,https://place.map.kakao.com/1383032285,"
경기 시흥시 범안로 288 1층홀 2층룸
(지번) 계수동 95-2
"
행화촌,중국요리,3.5,65,https://place.map.kakao.com/10915533,"
경기 수원시 팔달구 권광로180번길 42-7
(지번) 인계동 1122-1
"
고두리김치생삼겹살,삼겹살,4.4,120,https://place.map.kakao.com/469741292,"
경기 고양시 일산동구 무궁화로 18 남정씨티프라자1 1층 111호
(지번) 장항동 760
"
수수카페,갤러리카페,4.0,583,https://place.map.kakao.com/1651030568,"
경기 양평군 양서면 북한강로89번길 19
(지번) 양서면 양수리 506-27
"
보나리베,"제과,베이커리",3.9,2370,https://place.map.kakao.com/1684848518,"
경기 남양주시 불암산로39번길 9-2 1-2층
(지번) 별내동 719-2
"
고미꽃시래,한식,3.9,1855,https://place.map.kakao.com/27109904,"
경기 광주시 오포로 141-5 1층
(지번) 능평동 145-9
"
화양가옥 수원역점,양식,4.1,363,https://place.map.kakao.com/1348776376,"
경기 수원시 팔달구 향교로 58 1층
(지번) 매산로3가 27-7
"
한돈만,삼겹살,4.4,341,https://place.map.kakao.com/939906917,"
경기 안양시 동안구 흥안대로507번길 11 103호
(지번) 관양동 1499
"
숲속장어촌,장어,3.2,58,https://place.map.kakao.com/8434185,"
경기 광주시 새말길 230
(지번) 신현동 529
"
신호등장작구이 서오릉본점,닭요리,3.3,636,https://place.map.kakao.com/13584562,"
경기 고양시 덕양구 서오릉로 396-14 1-2층
(지번) 용두동 432-100
"
경원식당 본점,"찌개,전골",4.1,348,https://place.map.kakao.com/10180071,"
경기 의정부시 둔야로49번길 21 1-2층
(지번) 의정부동 483
"
최가돈까스,"돈까스,우동",4.1,115,https://place.map.kakao.com/22614451,"
경기 성남시 분당구 정자일로 210 동양파라곤 1단지상가 지하1층 104호
(지번) 정자동 14-3
"
빕스 프리미어 판교점,패밀리레스토랑,3.4,270,https://place.map.kakao.com/20175651,"
경기 성남시 분당구 동판교로177번길 25 아브뉴프랑 2층
(지번) 삼평동 740
"
산으로간고등어,한식,4.0,996,https://place.map.kakao.com/267054429,"
경기 용인시 수지구 고기로 126 1층
(지번) 동천동 115-3
"
가비가배,카페,3.9,162,https://place.map.kakao.com/877816463,"
경기 포천시 영북면 산정호수로 849-130 1층
(지번) 영북면 산정리 430
"
장심도 한국본점,장어,4.9,234,https://place.map.kakao.com/1383032285,"
경기 시흥시 범안로 288 1층홀 2층룸
(지번) 계수동 95-2
"
행화촌,중국요리,3.5,65,https://place.map.kakao.com/10915533,"
경기 수원시 팔달구 권광로180번길 42-7
(지번) 인계동 1122-1
"
고두리김치생삼겹살,삼겹살,4.4,120,https://place.map.kakao.com/469741292,"
경기 고양시 일산동구 무궁화로 18 남정씨티프라자1 1층 111호
(지번) 장항동 760
"
수수카페,갤러리카페,4.0,583,https://place.map.kakao.com/1651030568,"
경기 양평군 양서면 북한강로89번길 19
(지번) 양서면 양수리 506-27
"
보나리베,"제과,베이커리",3.9,2370,https://place.map.kakao.com/1684848518,"
경기 남양주시 불암산로39번길 9-2 1-2층
(지번) 별내동 719-2
"
고미꽃시래,한식,3.9,1855,https://place.map.kakao.com/27109904,"
경기 광주시 오포로 141-5 1층
(지번) 능평동 145-9
"
화양가옥 수원역점,양식,4.1,363,https://place.map.kakao.com/1348776376,"
경기 수원시 팔달구 향교로 58 1층
(지번) 매산로3가 27-7
"
한돈만,삼겹살,4.4,341,https://place.map.kakao.com/939906917,"
경기 안양시 동안구 흥안대로507번길 11 103호
(지번) 관양동 1499
"
숲속장어촌,장어,3.2,58,https://place.map.kakao.com/8434185,"
경기 광주시 새말길 230
(지번) 신현동 529
"
스시하마,"초밥,롤",4.5,44,https://place.map.kakao.com/24987932,"
경기 부천시 원미구 부흥로307번길 23 태정빌딩 101호
(지번) 중동 1123-4
"
제주은갈치 부천1호점,"해물,생선",4.5,21,https://place.map.kakao.com/16917003,"
경기 부천시 원미구 석천로 174 1층
(지번) 중동 1159-8
"
건강밥상심마니 하남점,한식,3.3,1577,https://place.map.kakao.com/260098451,"
경기 하남시 아리수로 570 효성해링턴타워더퍼스트 102동 상가3층 3017,3018호
(지번) 망월동 1081
"
한강삼계탕,삼계탕,4.4,174,https://place.map.kakao.com/26792784,"
경기 김포시 김포한강11로 438 1-2층
(지번) 운양동 1264-1
"
돌담집,닭요리,3.7,36,https://place.map.kakao.com/19679146,"
경기 용인시 수지구 이종무로49번길 5
(지번) 고기동 243-10
"
풍동562카페,카페,4.0,215,https://place.map.kakao.com/521668973,"
경기 고양시 일산동구 애니골길 18-13 2층
(지번) 풍동 562-8
"
선바위메밀장터 본점,한식,3.8,338,https://place.map.kakao.com/305398531,"
경기 과천시 뒷골로 5-7
(지번) 과천동 449-5
"
별난버섯집,한식,3.9,261,https://place.map.kakao.com/25049486,"
경기 하남시 초광로 74 2층
(지번) 광암동 94-1
"
청운누룽지백숙 2호점,닭요리,3.8,101,https://place.map.kakao.com/839479482,"
경기 의왕시 뒷골길 19 1,2층
(지번) 내손동 15-11
"
상록회관 연탄구이 중앙점,"육류,고기",4.5,470,https://place.map.kakao.com/57430424,"
경기 안산시 단원구 안산천서로 9 우진빌딩 1층
(지번) 고잔동 542-2
"
장수촌,삼계탕,2.6,200,https://place.map.kakao.com/9367368,"
경기 용인시 수지구 성복2로 412
(지번) 성복동 641-1
"
의천각,중국요리,4.3,286,https://place.map.kakao.com/24165658,"
경기 성남시 수정구 산성대로215번길 10-18 2층
(지번) 신흥동 6907
"
전주식당,한식,4.1,101,https://place.map.kakao.com/11164989,"
경기 의정부시 청사로47번길 15 골드피아빌딩 2층 203호
(지번) 금오동 472-1
"
석산정,"육류,고기",3.8,344,https://place.map.kakao.com/9108210,"
경기 수원시 권선구 정조로388번길 7-7
(지번) 세류동 1146-11
"
내추럴가든529,카페,3.2,89,https://place.map.kakao.com/2098556618,"
경기 양평군 서종면 내수입길 108-8
(지번) 서종면 수입리 529
"
오랑주리,카페,3.1,112,https://place.map.kakao.com/1979843999,"
경기 양주시 백석읍 기산로 423-19 1-2층
(지번) 백석읍 기산리 414-1
"
카페 도안,카페,4.3,357,https://place.map.kakao.com/1574833588,"
경기 수원시 팔달구 효원로307번길 61 3층
(지번) 인계동 1118-7
"
초원샤브샤브훠궈무한리필 부천본점,샤브샤브,4.7,6,https://place.map.kakao.com/1543179473,"
경기 부천시 원미구 부일로483번길 31 1층
(지번) 심곡동 164-9
"
쌈도둑,쌈밥,2.8,223,https://place.map.kakao.com/10608809,"
경기 안양시 만안구 삼막로 67
(지번) 석수동 54
"
레드브릭커피하우스,커피전문점,4.2,180,https://place.map.kakao.com/324805118,"
경기 수원시 팔달구 화서문로31번길 9-8 1~2층
(지번) 장안동 110-2
"
콤비식당,갈비,4.3,3774,https://place.map.kakao.com/1974476996,"
경기 남양주시 진접읍 금강로 1580
(지번) 진접읍 장현리 45-14
"
치에스타,양식,5.0,42,https://place.map.kakao.com/1605433750,"
경기 용인시 기흥구 죽전로15번길 12-12 1층
(지번) 보정동 1189-5
"
오늘손칼국수&찜,칼국수,3.5,34,https://place.map.kakao.com/20795147,"
경기 성남시 수정구 시민로 152 1층
(지번) 신흥동 3774
"
호랑이굴 범계본점,"찌개,전골",3.7,561,https://place.map.kakao.com/1885916996,"
경기 안양시 동안구 시민대로 214 다운타운빌딩 1층 109호
(지번) 호계동 1043-1
"
양평한우마을,"육류,고기",3.4,76,https://place.map.kakao.com/20238990,"
경기 양평군 강하면 강남로 306
(지번) 강하면 전수리 567-2
"
송원,중식,3.8,98,https://place.map.kakao.com/732239685,"
경기 파주시 경의로1004번길 21 유미어스3차 101~103호
(지번) 야당동 1044-1
"
덕소숯불고기 본점,"불고기,두루치기",3.5,405,https://place.map.kakao.com/9786815,"
경기 남양주시 와부읍 수레로 213 1층
(지번) 와부읍 월문리 1122-4
"
고자리냉면 본점,냉면,3.0,358,https://place.map.kakao.com/176214584,"
경기 고양시 덕양구 호국로 915-45
(지번) 성사동 624-5
"
원두막,닭요리,3.2,202,https://place.map.kakao.com/12437799,"
경기 파주시 법원읍 애룡길 194
(지번) 법원읍 삼방리 515-31
"
다이닝원 부천점,뷔페,3.5,205,https://place.map.kakao.com/306160795,"
경기 부천시 원미구 길주로 105 드림모아 5층 501~502,551~569 호
(지번) 상동 535-5
"
오랑주리,카페,3.1,112,https://place.map.kakao.com/1979843999,"
경기 양주시 백석읍 기산로 423-19 1-2층
(지번) 백석읍 기산리 414-1
"
카페 도안,카페,4.3,357,https://place.map.kakao.com/1574833588,"
경기 수원시 팔달구 효원로307번길 61 3층
(지번) 인계동 1118-7
"
초원샤브샤브훠궈무한리필 부천본점,샤브샤브,4.7,6,https://place.map.kakao.com/1543179473,"
경기 부천시 원미구 부일로483번길 31 1층
(지번) 심곡동 164-9
"
쌈도둑,쌈밥,2.8,223,https://place.map.kakao.com/10608809,"
경기 안양시 만안구 삼막로 67
(지번) 석수동 54
"
레드브릭커피하우스,커피전문점,4.2,180,https://place.map.kakao.com/324805118,"
경기 수원시 팔달구 화서문로31번길 9-8 1~2층
(지번) 장안동 110-2
"
콤비식당,갈비,4.3,3774,https://place.map.kakao.com/1974476996,"
경기 남양주시 진접읍 금강로 1580
(지번) 진접읍 장현리 45-14
"
치에스타,양식,5.0,42,https://place.map.kakao.com/1605433750,"
경기 용인시 기흥구 죽전로15번길 12-12 1층
(지번) 보정동 1189-5
"
오늘손칼국수&찜,칼국수,3.5,34,https://place.map.kakao.com/20795147,"
경기 성남시 수정구 시민로 152 1층
(지번) 신흥동 3774
"
호랑이굴 범계본점,"찌개,전골",3.7,561,https://place.map.kakao.com/1885916996,"
경기 안양시 동안구 시민대로 214 다운타운빌딩 1층 109호
(지번) 호계동 1043-1
"
양평한우마을,"육류,고기",3.4,76,https://place.map.kakao.com/20238990,"
경기 양평군 강하면 강남로 306
(지번) 강하면 전수리 567-2
"
송원,중식,3.8,98,https://place.map.kakao.com/732239685,"
경기 파주시 경의로1004번길 21 유미어스3차 101~103호
(지번) 야당동 1044-1
"
덕소숯불고기 본점,"불고기,두루치기",3.5,405,https://place.map.kakao.com/9786815,"
경기 남양주시 와부읍 수레로 213 1층
(지번) 와부읍 월문리 1122-4
"
고자리냉면 본점,냉면,3.0,358,https://place.map.kakao.com/176214584,"
경기 고양시 덕양구 호국로 915-45
(지번) 성사동 624-5
"
원두막,닭요리,3.2,202,https://place.map.kakao.com/12437799,"
경기 파주시 법원읍 애룡길 194
(지번) 법원읍 삼방리 515-31
"
다이닝원 부천점,뷔페,3.5,205,https://place.map.kakao.com/306160795,"
경기 부천시 원미구 길주로 105 드림모아 5층 501~502,551~569 호
(지번) 상동 535-5
"
커피베스코,카페,3.9,17,https://place.map.kakao.com/12519230,"
경기 부천시 원미구 부천로 7 로얄쇼핑 3층
(지번) 심곡동 174-1
"
마이어스 안산,뷔페,3.7,468,https://place.map.kakao.com/27546817,"
경기 안산시 단원구 화랑로 260 안산 와스타디움 1층 E24
(지번) 초지동 666
"
미향양갈비&양꼬치,양꼬치,4.7,196,https://place.map.kakao.com/2036810705,"
경기 성남시 분당구 장미로100번길 15-11 1층
(지번) 야탑동 379-9
"
장수촌,닭요리,3.0,183,https://place.map.kakao.com/8543847,"
경기 용인시 수지구 동천로 631 1층
(지번) 고기동 216-4
"
우설화 수원원천점,"육류,고기",2.9,52,https://place.map.kakao.com/763506418,"
경기 수원시 영통구 중부대로 325
(지번) 원천동 92-7
"
대가,갈비,3.9,7,https://place.map.kakao.com/8432028,"
경기 시흥시 중심상가로 327 1~3층
(지번) 정왕동 1625-7
"
버치,카페,4.2,440,https://place.map.kakao.com/1539477309,"
경기 남양주시 식송1로 19 1층
(지번) 별내동 1107-4
"
엄마의봄날,한정식,4.4,396,https://place.map.kakao.com/540653269,"
경기 김포시 모담공원로 178 1층
(지번) 운양동 1323-22
"
필사부,중국요리,3.6,37,https://place.map.kakao.com/27443616,"
경기 부천시 소사구 중동로 30 1층
(지번) 송내동 392-1
"
이흥선참치,참치회,3.9,52,https://place.map.kakao.com/27346981,"
경기 의정부시 신흥로239번길 45
(지번) 의정부동 509-1
"
8개월냉면,냉면,4.2,214,https://place.map.kakao.com/1798237208,"
경기 부천시 원미구 역곡로26번길 25 1층
(지번) 역곡동 85-6
"
본수원갈비 본점,갈비,3.1,315,https://place.map.kakao.com/7908963,"
경기 수원시 팔달구 중부대로223번길 41
(지번) 우만동 51-20
"
긴자 분당서현점,일식집,3.0,100,https://place.map.kakao.com/10744030,"
경기 성남시 분당구 새마을로 75
(지번) 서현동 102-2
"
산촌,닭요리,3.4,132,https://place.map.kakao.com/7909989,"
경기 의왕시 백운로 140-10
(지번) 오전동 652
"
진수사,"초밥,롤",3.2,997,https://place.map.kakao.com/27296845,"
경기 성남시 분당구 매화로37번길 7-10 1층
(지번) 야탑동 388-5
"
장수촌,닭요리,3.3,170,https://place.map.kakao.com/10074813,"
경기 시흥시 하우로 51
(지번) 대야동 16-7
"
와우리장작구이 동탄점,"육류,고기",3.9,179,https://place.map.kakao.com/8184862,"
경기 화성시 여울로 127
(지번) 능동 483-3
"
감성타코 판교점,"멕시칸,브라질",2.6,550,https://place.map.kakao.com/1927219507,"
경기 성남시 분당구 동판교로177번길 25 아브뉴프랑 2층
(지번) 삼평동 740
"
봉화손칼국수,칼국수,3.7,80,https://place.map.kakao.com/10462344,"
경기 수원시 영통구 태장로7번길 6 1층
(지번) 망포동 223-9
"
광명본갈비,갈비,4.3,3259,https://place.map.kakao.com/512974690,"
경기 광명시 덕안로77번길 5 지웰에스테이트 2층 206호
(지번) 일직동 511
"
강민주의들밥 이천본점,한식,3.6,57,https://place.map.kakao.com/15783135,"
경기 이천시 마장면 지산로22번길 17 1층
(지번) 마장면 이평리 371-3
"
긴자 죽전점,일식,3.6,11,https://place.map.kakao.com/1341320891,"
경기 용인시 수지구 용구대로 2750 효성해링턴플레이스 2층 207호
(지번) 죽전동 887
"
대가주점,"호프,요리주점",4.1,591,https://place.map.kakao.com/15621757,"
경기 수원시 팔달구 매산로 1-10 1층
(지번) 매산로1가 53-8
"
스페이스작,디저트카페,3.4,695,https://place.map.kakao.com/772655535,"
경기 부천시 오정구 까치로20번길 13-7 1~4층
(지번) 작동 407
"
크래버대게나라 동탄점,"게,대게",4.2,226,https://place.map.kakao.com/26811904,"
경기 화성시 메타폴리스로 53 스타프라자 1층 108~110호
(지번) 반송동 92-7
"
맛남살롱,디저트카페,4.1,32,https://place.map.kakao.com/787316104,"
경기 부천시 원미구 석천로184번길 12 삼성프라자 1층 104,105호
(지번) 중동 1158-1
"
정담식당,국수,4.4,168,https://place.map.kakao.com/552140307,"
경기 용인시 처인구 한터로 108
(지번) 고림동 592-17
"
쿠우쿠우 일산호수공원점,해산물뷔페,4.0,314,https://place.map.kakao.com/2100665608,"
경기 고양시 일산동구 백마로 195 SK엠시티 3층
(지번) 장항동 869
"
더몰트하우스 동탄2신도시점,양식,3.9,222,https://place.map.kakao.com/1140101314,"
경기 화성시 오산동 1020 린스트라우스 상가 1층 1096~1100호

"
베니어베이커리카페,디저트카페,2.8,491,https://place.map.kakao.com/237933843,"
경기 시흥시 서해안로 1444-1
(지번) 신천동 564
"
장수촌,닭요리,3.3,170,https://place.map.kakao.com/10074813,"
경기 시흥시 하우로 51
(지번) 대야동 16-7
"
와우리장작구이 동탄점,"육류,고기",3.9,179,https://place.map.kakao.com/8184862,"
경기 화성시 여울로 127
(지번) 능동 483-3
"
감성타코 판교점,"멕시칸,브라질",2.6,550,https://place.map.kakao.com/1927219507,"
경기 성남시 분당구 동판교로177번길 25 아브뉴프랑 2층
(지번) 삼평동 740
"
봉화손칼국수,칼국수,3.7,80,https://place.map.kakao.com/10462344,"
경기 수원시 영통구 태장로7번길 6 1층
(지번) 망포동 223-9
"
광명본갈비,갈비,4.3,3259,https://place.map.kakao.com/512974690,"
경기 광명시 덕안로77번길 5 지웰에스테이트 2층 206호
(지번) 일직동 511
"
강민주의들밥 이천본점,한식,3.6,57,https://place.map.kakao.com/15783135,"
경기 이천시 마장면 지산로22번길 17 1층
(지번) 마장면 이평리 371-3
"
긴자 죽전점,일식,3.6,11,https://place.map.kakao.com/1341320891,"
경기 용인시 수지구 용구대로 2750 효성해링턴플레이스 2층 207호
(지번) 죽전동 887
"
대가주점,"호프,요리주점",4.1,591,https://place.map.kakao.com/15621757,"
경기 수원시 팔달구 매산로 1-10 1층
(지번) 매산로1가 53-8
"
스페이스작,디저트카페,3.4,695,https://place.map.kakao.com/772655535,"
경기 부천시 오정구 까치로20번길 13-7 1~4층
(지번) 작동 407
"
크래버대게나라 동탄점,"게,대게",4.2,226,https://place.map.kakao.com/26811904,"
경기 화성시 메타폴리스로 53 스타프라자 1층 108~110호
(지번) 반송동 92-7
"
맛남살롱,디저트카페,4.1,32,https://place.map.kakao.com/787316104,"
경기 부천시 원미구 석천로184번길 12 삼성프라자 1층 104,105호
(지번) 중동 1158-1
"
정담식당,국수,4.4,168,https://place.map.kakao.com/552140307,"
경기 용인시 처인구 한터로 108
(지번) 고림동 592-17
"
쿠우쿠우 일산호수공원점,해산물뷔페,4.0,314,https://place.map.kakao.com/2100665608,"
경기 고양시 일산동구 백마로 195 SK엠시티 3층
(지번) 장항동 869
"
더몰트하우스 동탄2신도시점,양식,3.9,222,https://place.map.kakao.com/1140101314,"
경기 화성시 오산동 1020 린스트라우스 상가 1층 1096~1100호

"
베니어베이커리카페,디저트카페,2.8,491,https://place.map.kakao.com/237933843,"
경기 시흥시 서해안로 1444-1
(지번) 신천동 564
"
북한강,"해물,생선",3.0,92,https://place.map.kakao.com/18017139,"
경기 김포시 월곶면 김포대로 2559
(지번) 월곶면 갈산리 466-25
"
양주성,중국요리,3.7,41,https://place.map.kakao.com/1467310820,"
경기 양주시 부흥로 1519 1층
(지번) 남방동 9-26
"
이자카야춘 본점,일본식주점,4.3,239,https://place.map.kakao.com/24637249,"
경기 안산시 단원구 광덕서로 54 105호
(지번) 고잔동 715-1
"
원조이동김미자할머니갈비,갈비,3.0,2435,https://place.map.kakao.com/16190778,"
경기 포천시 이동면 화동로 2087
(지번) 이동면 장암리 216-3
"
정성담 의왕점,"육류,고기",2.9,99,https://place.map.kakao.com/26245196,"
경기 의왕시 고산로 1
(지번) 고천동 317
"
동탄황소갈비,갈비,4.3,137,https://place.map.kakao.com/103127162,"
경기 화성시 동탄중심상가2길 15 1층 109호
(지번) 반송동 88-8
"
장춘닭개장,닭요리,3.7,51,https://place.map.kakao.com/1435774659,"
경기 평택시 원도일길 84
(지번) 도일동 644-7
"
두메산골,오리,3.5,20,https://place.map.kakao.com/8952086,"
경기 광주시 남한산성면 불당길37번길 66-7
(지번) 남한산성면 불당리 340
"
소들녘 광명점,갈비,2.8,296,https://place.map.kakao.com/19197407,"
경기 광명시 오리로876번길 6
(지번) 철산동 256
"
가마골백숙 양주점,닭요리,3.9,39,https://place.map.kakao.com/24162915,"
경기 양주시 장흥면 북한산로 1028
(지번) 장흥면 교현리 152-15
"
장모밥상,한식,3.6,276,https://place.map.kakao.com/1817297240,"
경기 성남시 분당구 하오개로344번길 5 1층
(지번) 운중동 41-2
"
정아각,중국요리,4.3,168,https://place.map.kakao.com/16159594,"
경기 시흥시 신천6길 2-1
(지번) 신천동 838-16
"
차이나는중식당 본점,중국요리,4.0,92,https://place.map.kakao.com/615983482,"
경기 김포시 양촌읍 석모로 78 1층
(지번) 양촌읍 석모리 817-2
"
까사338,이탈리안,4.0,4013,https://place.map.kakao.com/21266361,"
경기 양주시 삼숭로58번길 57
(지번) 삼숭동 338-1
"
곤드레밥집 중동점,한식,4.3,88,https://place.map.kakao.com/22378824,"
경기 부천시 원미구 신흥로 140 위브더스테이트 2층
(지번) 중동 1114
"
북한강,"해물,생선",3.0,92,https://place.map.kakao.com/18017139,"
경기 김포시 월곶면 김포대로 2559
(지번) 월곶면 갈산리 466-25
"
양주성,중국요리,3.7,41,https://place.map.kakao.com/1467310820,"
경기 양주시 부흥로 1519 1층
(지번) 남방동 9-26
"
이자카야춘 본점,일본식주점,4.3,239,https://place.map.kakao.com/24637249,"
경기 안산시 단원구 광덕서로 54 105호
(지번) 고잔동 715-1
"
원조이동김미자할머니갈비,갈비,3.0,2435,https://place.map.kakao.com/16190778,"
경기 포천시 이동면 화동로 2087
(지번) 이동면 장암리 216-3
"
정성담 의왕점,"육류,고기",2.9,99,https://place.map.kakao.com/26245196,"
경기 의왕시 고산로 1
(지번) 고천동 317
"
동탄황소갈비,갈비,4.3,137,https://place.map.kakao.com/103127162,"
경기 화성시 동탄중심상가2길 15 1층 109호
(지번) 반송동 88-8
"
장춘닭개장,닭요리,3.7,51,https://place.map.kakao.com/1435774659,"
경기 평택시 원도일길 84
(지번) 도일동 644-7
"
두메산골,오리,3.5,20,https://place.map.kakao.com/8952086,"
경기 광주시 남한산성면 불당길37번길 66-7
(지번) 남한산성면 불당리 340
"
소들녘 광명점,갈비,2.8,296,https://place.map.kakao.com/19197407,"
경기 광명시 오리로876번길 6
(지번) 철산동 256
"
가마골백숙 양주점,닭요리,3.9,39,https://place.map.kakao.com/24162915,"
경기 양주시 장흥면 북한산로 1028
(지번) 장흥면 교현리 152-15
"
장모밥상,한식,3.6,276,https://place.map.kakao.com/1817297240,"
경기 성남시 분당구 하오개로344번길 5 1층
(지번) 운중동 41-2
"
정아각,중국요리,4.3,168,https://place.map.kakao.com/16159594,"
경기 시흥시 신천6길 2-1
(지번) 신천동 838-16
"
차이나는중식당 본점,중국요리,4.0,92,https://place.map.kakao.com/615983482,"
경기 김포시 양촌읍 석모로 78 1층
(지번) 양촌읍 석모리 817-2
"
까사338,이탈리안,4.0,4013,https://place.map.kakao.com/21266361,"
경기 양주시 삼숭로58번길 57
(지번) 삼숭동 338-1
"
곤드레밥집 중동점,한식,4.3,88,https://place.map.kakao.com/22378824,"
경기 부천시 원미구 신흥로 140 위브더스테이트 2층
(지번) 중동 1114
"
돌판구이풍경,오리,3.3,421,https://place.map.kakao.com/21960552,"
경기 성남시 수정구 수정로25번길 5 1층
(지번) 태평동 7272-4
"
이자카야기술,일본식주점,4.6,54,https://place.map.kakao.com/1403205280,"
경기 안산시 단원구 고잔1길 76 리치프라자 115,116호
(지번) 고잔동 540-9
"
흥부가,한식,3.5,143,https://place.map.kakao.com/503554162,"
경기 안양시 만안구 삼막로 34-15 2층
(지번) 석수동 95-5
"
진미옥설렁탕,설렁탕,4.1,22,https://place.map.kakao.com/8563349,"
경기 동두천시 생연로 185-1
(지번) 생연동 584-20
"
스타벅스 서현역,커피전문점,3.4,22,https://place.map.kakao.com/17127082,"
경기 성남시 분당구 서현로210번길 20 1층
(지번) 서현동 248-5
"
무명,카페,3.6,55,https://place.map.kakao.com/24161088,"
경기 의정부시 송산로 1111-148 1층
(지번) 고산동 산 95
"
33호할머니칼국수,칼국수,2.7,202,https://place.map.kakao.com/14745881,"
경기 안산시 단원구 대부황금로 1297 1층
(지번) 대부북동 1161-105
"
다이호시,일식,3.8,1376,https://place.map.kakao.com/1726447229,"
경기 성남시 분당구 판교역로10번길 6 1층
(지번) 백현동 581-9
"
스시담,"초밥,롤",4.1,130,https://place.map.kakao.com/1033172588,"
경기 의정부시 평화로504번길 7 1층
(지번) 의정부동 140-27
"
상해2010,중국요리,2.9,61,https://place.map.kakao.com/12755997,"
경기 파주시 교하로863번길 54 1층
(지번) 문발동 79-3
"
해누리 분당점,한정식,3.1,572,https://place.map.kakao.com/443965423,"
경기 성남시 분당구 대왕판교로 187 인스코빌딩 1층
(지번) 금곡동 113-2
"
삼부자갈비,갈비,3.0,46,https://place.map.kakao.com/568958685,"
경기 수원시 영통구 중부대로 335 1층
(지번) 원천동 96-1
"
소담촌 미금점,샤브샤브,4.6,134,https://place.map.kakao.com/1105781621,"
경기 성남시 분당구 돌마로 85 동양프라자 7층 701호
(지번) 금곡동 152
"
강남면옥 분당점,냉면,3.4,121,https://place.map.kakao.com/15563468,"
경기 성남시 분당구 새마을로 5 1층
(지번) 서현동 77-6
"
삿뽀로 동탄점,일식,2.9,66,https://place.map.kakao.com/19452309,"
경기 화성시 10용사로 358 2층
(지번) 능동 976-2
"
열두알우동집,"돈까스,우동",4.0,265,https://place.map.kakao.com/1863603080,"
경기 수원시 팔달구 정조로801번길 31 1층
(지번) 남창동 77-2
"
산타루치아,이탈리안,3.8,250,https://place.map.kakao.com/8400172,"
경기 안양시 동안구 시민대로 230 아크로타워 B동 42층
(지번) 관양동 1591
"
곤드레밥집,한식,3.6,154,https://place.map.kakao.com/2087588337,"
경기 화성시 10용사로 404
(지번) 반송동 76-3
"
두부마을,두부전문점,3.5,33,https://place.map.kakao.com/7845451,"
경기 남양주시 송산로152번길 20
(지번) 별내동 34-2
"
울진죽변항,회,3.3,39,https://place.map.kakao.com/32703009,"
경기 성남시 분당구 정자일로6번길 13 1층
(지번) 금곡동 170
"
찌마기 야탑점,조개,4.5,71,https://place.map.kakao.com/99306829,"
경기 성남시 분당구 야탑로111번길 24
(지번) 야탑동 373-1
"
아리랑갈비,갈비,3.9,51,https://place.map.kakao.com/264664011,"
경기 남양주시 의안로240번길 1-1
(지번) 평내동 152-16
"
별미지교 구리점,한식뷔페,3.5,169,https://place.map.kakao.com/1366017112,"
경기 구리시 벌말로 67-10
(지번) 토평동 555-1
"
소호복집,복어,4.1,17,https://place.map.kakao.com/10550420,"
경기 안양시 동안구 관평로182번길 23
(지번) 관양동 1602-6
"
스타벅스 안성석정DT점,커피전문점,3.8,32,https://place.map.kakao.com/186140202,"
경기 안성시 중앙로 308
(지번) 석정동 254-3
"
이순화명태마을,"해물,생선",4.1,58,https://place.map.kakao.com/27337863,"
경기 부천시 원미구 송내대로73번길 42
(지번) 상동 407-2
"
상무초밥 안산중앙점,"초밥,롤",3.2,484,https://place.map.kakao.com/647035318,"
경기 안산시 단원구 당곡로 10
(지번) 고잔동 536-1
"
현촌,닭요리,3.2,700,https://place.map.kakao.com/11271745,"
경기 광주시 남한산성면 남한산성로 555
(지번) 남한산성면 검복리 39
"
삼동소바 판교점,국수,4.1,617,https://place.map.kakao.com/988052612,"
경기 성남시 분당구 안양판교로828번길 20 근린주택 가동 1층
(지번) 운중동 411
"
스타벅스 광명사거리역점,커피전문점,3.8,45,https://place.map.kakao.com/1251577804,"
경기 광명시 광명로 907 1층
(지번) 광명동 158-86
"
열두알우동집,"돈까스,우동",4.0,265,https://place.map.kakao.com/1863603080,"
경기 수원시 팔달구 정조로801번길 31 1층
(지번) 남창동 77-2
"
산타루치아,이탈리안,3.8,250,https://place.map.kakao.com/8400172,"
경기 안양시 동안구 시민대로 230 아크로타워 B동 42층
(지번) 관양동 1591
"
곤드레밥집,한식,3.6,154,https://place.map.kakao.com/2087588337,"
경기 화성시 10용사로 404
(지번) 반송동 76-3
"
두부마을,두부전문점,3.5,33,https://place.map.kakao.com/7845451,"
경기 남양주시 송산로152번길 20
(지번) 별내동 34-2
"
울진죽변항,회,3.3,39,https://place.map.kakao.com/32703009,"
경기 성남시 분당구 정자일로6번길 13 1층
(지번) 금곡동 170
"
찌마기 야탑점,조개,4.5,71,https://place.map.kakao.com/99306829,"
경기 성남시 분당구 야탑로111번길 24
(지번) 야탑동 373-1
"
아리랑갈비,갈비,3.9,51,https://place.map.kakao.com/264664011,"
경기 남양주시 의안로240번길 1-1
(지번) 평내동 152-16
"
별미지교 구리점,한식뷔페,3.5,169,https://place.map.kakao.com/1366017112,"
경기 구리시 벌말로 67-10
(지번) 토평동 555-1
"
소호복집,복어,4.1,17,https://place.map.kakao.com/10550420,"
경기 안양시 동안구 관평로182번길 23
(지번) 관양동 1602-6
"
스타벅스 안성석정DT점,커피전문점,3.8,32,https://place.map.kakao.com/186140202,"
경기 안성시 중앙로 308
(지번) 석정동 254-3
"
이순화명태마을,"해물,생선",4.1,58,https://place.map.kakao.com/27337863,"
경기 부천시 원미구 송내대로73번길 42
(지번) 상동 407-2
"
상무초밥 안산중앙점,"초밥,롤",3.2,484,https://place.map.kakao.com/647035318,"
경기 안산시 단원구 당곡로 10
(지번) 고잔동 536-1
"
현촌,닭요리,3.2,700,https://place.map.kakao.com/11271745,"
경기 광주시 남한산성면 남한산성로 555
(지번) 남한산성면 검복리 39
"
삼동소바 판교점,국수,4.1,617,https://place.map.kakao.com/988052612,"
경기 성남시 분당구 안양판교로828번길 20 근린주택 가동 1층
(지번) 운중동 411
"
스타벅스 광명사거리역점,커피전문점,3.8,45,https://place.map.kakao.com/1251577804,"
경기 광명시 광명로 907 1층
(지번) 광명동 158-86
"
밀밭칼국수 2호점,칼국수,3.8,426,https://place.map.kakao.com/519338556,"
경기 양주시 청담로 231 1층
(지번) 고암동 342-3
"
로움한정식,한정식,3.5,196,https://place.map.kakao.com/1005811545,"
경기 용인시 기흥구 청명산로 115 1,2층
(지번) 하갈동 323-32
"
선일목장 정육식당,"육류,고기",3.3,379,https://place.map.kakao.com/1327380173,"
경기 의왕시 백운안길 49
(지번) 학의동 890-30
"
담터추어탕,추어,3.8,117,https://place.map.kakao.com/470887825,"
경기 남양주시 불암로 25-1 1층
(지번) 별내동 558-159
"
호미불닭발 본점,닭요리,3.8,242,https://place.map.kakao.com/10989675,"
경기 부천시 원미구 부일로237번길 14 1층
(지번) 상동 444-16
"
스시히로미 신곡본점,"초밥,롤",3.1,132,https://place.map.kakao.com/488251470,"
경기 의정부시 발곡로 24
(지번) 신곡동 720-3
"
셰프스위트,이탈리안,4.3,1536,https://place.map.kakao.com/293730624,"
경기 수원시 팔달구 정조로801번길 27 1층 102호
(지번) 남창동 78
"
하루인,일본식주점,4.7,176,https://place.map.kakao.com/699297363,"
경기 성남시 분당구 성남대로331번길 9-9 2층 203호
(지번) 정자동 157-4
"
미루꾸커피밤리단길 본점,카페,3.7,479,https://place.map.kakao.com/656487624,"
경기 고양시 일산동구 일산로316번길 25-1
(지번) 마두동 838-2
"
고기랑,한식,4.3,945,https://place.map.kakao.com/1285128655,"
경기 수원시 팔달구 권광로196번길 49 1, 2층
(지번) 인계동 1116-6
"
인덕신사또 통족발보쌈,"족발,보쌈",3.5,19,https://place.map.kakao.com/17125115,"
경기 안양시 동안구 인덕원로24번길 32
(지번) 관양동 1490-17
"
시랑면옥평양냉면,냉면,4.2,111,https://place.map.kakao.com/958555451,"
경기 안산시 상록구 시낭로 39 1층
(지번) 월피동 464-8
"
흙토담골,한정식,3.0,126,https://place.map.kakao.com/8180848,"
경기 광주시 퇴촌면 석둔길 3
(지번) 퇴촌면 영동리 333-3
"
밀밭칼국수,칼국수,2.9,182,https://place.map.kakao.com/9005138,"
경기 양주시 덕정6길 45 1층
(지번) 덕정동 151-63
"
회령손만두국,한식,3.6,140,https://place.map.kakao.com/11921155,"
경기 양평군 용문면 용문로 829 1층
(지번) 용문면 광탄리 161-16
"
머무를 정 세이로무시,일식,4.4,328,https://place.map.kakao.com/56740016,"
경기 성남시 분당구 장미로92번길 5 1층
(지번) 야탑동 377-5
"
빵과당신,"제과,베이커리",3.7,287,https://place.map.kakao.com/636409511,"
경기 평택시 만세로 1720-4
(지번) 죽백동 478-14
"
털보네바베큐 미사동본점,"육류,고기",3.4,216,https://place.map.kakao.com/9521733,"
경기 하남시 미사동로 49 1층
(지번) 미사동 309
"
맛집막국수,국수,3.4,187,https://place.map.kakao.com/25732677,"
경기 안성시 고삼면 안성대로 2126 1동 1층
(지번) 고삼면 가유리 788-2
"
별들의고향,"육류,고기",4.6,36,https://place.map.kakao.com/13118284,"
경기 수원시 팔달구 경수대로446번길 35 1층
(지번) 인계동 1024-14
"
미덕원 일산점,오리,3.6,264,https://place.map.kakao.com/1511490010,"
경기 고양시 일산동구 애니골길43번길 17-1 1층
(지번) 풍동 573-9
"
송도숯불장어구이전문점,장어,3.5,530,https://place.map.kakao.com/16385545,"
경기 부천시 원미구 길주로77번길 55-25 2층
(지번) 상동 532-3
"
해송식당,한식,4.4,27,https://place.map.kakao.com/16717361,"
경기 평택시 포승읍 연암길 84 1층
(지번) 포승읍 만호리 264-19
"
대물림안성장터국밥,국밥,3.9,142,https://place.map.kakao.com/10590326,"
경기 안성시 미양면 구례골길 170-17 1층
(지번) 미양면 계륵리 142-1
"
별미지교 본점,한식뷔페,4.0,107,https://place.map.kakao.com/1958037924,"
경기 남양주시 화도읍 비룡로 171
(지번) 화도읍 묵현리 23
"
굴따세,"굴,전복",3.2,167,https://place.map.kakao.com/16570153,"
경기 안양시 만안구 안양로 349 1층
(지번) 안양동 695-21
"
풍천가,장어,3.4,167,https://place.map.kakao.com/1040182821,"
경기 성남시 수정구 청계산로 449 1층
(지번) 상적동 173-1
"
해누리동산들밥,한식,3.7,63,https://place.map.kakao.com/12525869,"
경기 광주시 곤지암읍 광여로 305
(지번) 곤지암읍 오향리 416-2
"
두마레한정식,한정식,2.8,107,https://place.map.kakao.com/11386131,"
경기 성남시 분당구 구미로 191 2-3층
(지번) 구미동 289-3
"
우정옥,곰탕,4.1,249,https://place.map.kakao.com/26869616,"
경기 여주시 여양로233번길 5-34 1동 1층
(지번) 천송동 589-3
"
부촌 이베리코흑돼지,"육류,고기",4.5,15,https://place.map.kakao.com/1665312192,"
경기 화성시 동탄대로 495 동탄역 리치안 2층 210,211호
(지번) 오산동 969-2
"
영덕강구항,회,3.6,60,https://place.map.kakao.com/24200959,"
경기 성남시 분당구 미금일로90번길 32 웰파크 1층
(지번) 구미동 30
"
만돈,"돈까스,우동",4.0,1034,https://place.map.kakao.com/311049889,"
경기 고양시 일산동구 정발산로 24 웨스턴돔 B동 2층 225호
(지번) 장항동 868
"
홍밀면옥,"족발,보쌈",3.9,295,https://place.map.kakao.com/19622978,"
경기 수원시 팔달구 수성로157번길 5-16 1층
(지번) 화서동 679-11
"
우리집갈비,갈비,3.8,141,https://place.map.kakao.com/9892255,"
경기 파주시 금정28길 29 1층
(지번) 금촌동 329-183
"
시골식당,"해물,생선",4.2,116,https://place.map.kakao.com/16187830,"
경기 구리시 검배로15번길 25 1층
(지번) 수택동 522-24
"
장어촌,장어,3.7,102,https://place.map.kakao.com/14733302,"
경기 수원시 팔달구 인계로94번길 27-27 1층
(지번) 인계동 1022-2
"
소담촌 광명직영점,샤브샤브,3.4,41,https://place.map.kakao.com/26949643,"
경기 광명시 오리로 518 대교빌딩 2층
(지번) 소하동 1340-2
"
설반에프앤씨,갈비,3.4,398,https://place.map.kakao.com/296603228,"
경기 김포시 양촌읍 김포한강4로369번길 83 1~2층
(지번) 양촌읍 석모리 1040-7
"
수원만두,중식,3.0,268,https://place.map.kakao.com/7970465,"
경기 수원시 팔달구 창룡대로8번길 6 1층
(지번) 팔달로1가 5-2
"
서현궁 본점,갈비,3.2,105,https://place.map.kakao.com/15607192,"
경기 성남시 분당구 안골로 24
(지번) 서현동 195-2
"
오라운트로스터리카페,디저트카페,4.3,405,https://place.map.kakao.com/1919148338,"
경기 광주시 양벌로 320-4 1층
(지번) 양벌동 602-12
"
갈비도락 미사본점,갈비,3.9,249,https://place.map.kakao.com/472433650,"
경기 하남시 미사대로 584 1,2층
(지번) 덕풍동 26-20
"
만리장성,중국요리,4.1,481,https://place.map.kakao.com/24952121,"
경기 수원시 팔달구 정조로800번길 10 1층
(지번) 팔달로1가 52-2
"
남영불갈비,갈비,4.0,12,https://place.map.kakao.com/16533280,"
경기 성남시 분당구 야탑로105번길 6 1층
(지번) 야탑동 368-3
"
송도갈매기 광명점,"육류,고기",3.7,99,https://place.map.kakao.com/2096932316,"
경기 광명시 양지로 16 아비뉴프랑 2층
(지번) 일직동 513
"
어울더울,"육류,고기",4.2,166,https://place.map.kakao.com/17363323,"
경기 과천시 제비울길 43
(지번) 갈현동 175-2
"
국수집,국수,3.0,118,https://place.map.kakao.com/14532465,"
경기 파주시 조리읍 등원로 131
(지번) 조리읍 뇌조리 418-8
"
참착한족발,"족발,보쌈",4.6,47,https://place.map.kakao.com/27218978,"
경기 성남시 분당구 황새울로342번길 11 금호리빙스텔 2층 203호
(지번) 서현동 250-5
"
카페 루버월,카페,4.3,134,https://place.map.kakao.com/27609915,"
경기 파주시 안개초길 18-4
(지번) 문발동 594-8
"
퍼스트커피랩 양주점,카페,3.3,1206,https://place.map.kakao.com/1385703424,"
경기 양주시 평화로 1220 1동 1층
(지번) 산북동 154
"
소플러스 일산점,"육류,고기",3.9,87,https://place.map.kakao.com/27602105,"
경기 고양시 일산동구 장백로 82 2층
(지번) 백석동 1336
"
정동팥집,카페,3.8,131,https://place.map.kakao.com/21355982,"
경기 고양시 일산동구 장항로 86
(지번) 백석동 1104-79
"
마롱브런치&베이커리카페,디저트카페,3.1,174,https://place.map.kakao.com/1386327715,"
경기 화성시 정남면 세자로 251 2,3층
(지번) 정남면 보통리 117-3
"
명장시대 백운호수점,"제과,베이커리",2.9,399,https://place.map.kakao.com/661375434,"
경기 의왕시 백운로 415
(지번) 학의동 623-2
"
어부가생선구이,"해물,생선",4.4,65,https://place.map.kakao.com/171874715,"
경기 남양주시 송산로296번길 12 1,2층
(지번) 별내동 1485-19
"
릴리브라운,"제과,베이커리",4.1,219,https://place.map.kakao.com/1722882110,"
경기 성남시 분당구 석운로120번길 18 1층
(지번) 석운동 70-72
"
옛날맛짜장,중국요리,4.1,40,https://place.map.kakao.com/10636522,"
경기 화성시 마도면 화성로790번길 26
(지번) 마도면 두곡리 323-5
"
순흥식당,"육류,고기",4.1,83,https://place.map.kakao.com/1738292213,"
경기 양평군 청운면 용두로139번길 14
(지번) 청운면 용두리 641-2
"
조은도너츠,도넛,4.2,409,https://place.map.kakao.com/26437235,"
경기 파주시 월롱면 아동로 172 1층
(지번) 월롱면 영태리 527-3
"
소들녘 평택점,"육류,고기",3.7,64,https://place.map.kakao.com/419980341,"
경기 평택시 포승읍 포승향남로 7
(지번) 포승읍 내기리 2-21
"
골목집,한식,2.9,232,https://place.map.kakao.com/21555734,"
경기 수원시 팔달구 화서문로 53-1 1층
(지번) 장안동 143-3
"
금화전복 본점,"굴,전복",3.9,174,https://place.map.kakao.com/27301856,"
경기 안산시 단원구 다리간1길 16 1층
(지번) 고잔동 688-7
"
미방 정자점,"육류,고기",4.0,119,https://place.map.kakao.com/26947426,"
경기 성남시 분당구 느티로 16
(지번) 정자동 17-1
"
철원양평해장국,해장국,4.0,45,https://place.map.kakao.com/21388662,"
경기 의정부시 동일로 215-3
(지번) 장암동 90
"
돈까스갤러리,"돈까스,우동",3.8,133,https://place.map.kakao.com/27594538,"
경기 의정부시 의정로174번길 8 1층
(지번) 가능동 669-3
"
감성식탁밥집,한식,4.3,289,https://place.map.kakao.com/102944284,"
경기 여주시 칠산길 39 1층
(지번) 상동 452
"
260도 부천점,"육류,고기",4.2,433,https://place.map.kakao.com/1459865625,"
경기 부천시 원미구 신흥로 178 두산위브더스테이트 3단지 216호
(지번) 중동 1109
"
구일산장군집 본점,"육류,고기",4.1,115,https://place.map.kakao.com/10741795,"
경기 고양시 일산서구 일중로15번길 7 1층
(지번) 일산동 524-23
"
권율회관,한식,4.9,4,https://place.map.kakao.com/26283273,"
경기 고양시 덕양구 동산동 304-8

"
청평호반닭갈비막국수 청평본점,닭요리,4.3,612,https://place.map.kakao.com/10051209,"
경기 가평군 청평면 강변로 45-7
(지번) 청평면 청평리 80-7
"
예전각설렁탕 본점,설렁탕,3.4,182,https://place.map.kakao.com/803477710,"
경기 수원시 장안구 경수대로 816 1~2층
(지번) 영화동 97-29
"
아리랑블랙,갈비,3.3,27,https://place.map.kakao.com/1278120777,"
경기 화성시 10용사로 458 1-4층
(지번) 반송동 143-3
"
유성통닭,치킨,4.2,271,https://place.map.kakao.com/9952433,"
경기 안양시 동안구 인덕원로24번길 41-15 1층
(지번) 관양동 1501-4
"
장수천한방민물장어숯불구이 안양점,장어,3.5,107,https://place.map.kakao.com/25918450,"
경기 안양시 동안구 평촌대로 366
(지번) 비산동 1032-11
"
크래킹커피 판교백현점,카페,4.1,351,https://place.map.kakao.com/1909759002,"
경기 성남시 분당구 판교역로2번길 10 1층
(지번) 백현동 583-2
"
돼지새마을본부 영통점,"육류,고기",4.7,95,https://place.map.kakao.com/789304599,"
경기 수원시 영통구 영일로21번길 8-17 1층 101호
(지번) 영통동 1006-2
"
나인블럭 뷰팔당점,카페,3.2,376,https://place.map.kakao.com/506984546,"
경기 남양주시 와부읍 다산로 56
(지번) 와부읍 팔당리 82-5
"
자투라,카페,2.8,171,https://place.map.kakao.com/473991965,"
경기 김포시 월곶면 군하로 65 가,나동
(지번) 월곶면 갈산리 477-14
"
운도,한식,4.4,150,https://place.map.kakao.com/1444224634,"
경기 고양시 일산동구 백석로86번길 50 1층
(지번) 백석동 1258-4
"
코이라멘지로 2호점,일본식라면,3.3,31,https://place.map.kakao.com/374152961,"
경기 성남시 분당구 정자일로198번길 15 제나프라자 111호
(지번) 정자동 17-4
"
진구네식당,술집,4.9,76,https://place.map.kakao.com/2094366659,"
경기 성남시 분당구 야탑로149번길 5
(지번) 야탑동 320-8
"
강원한방토종삼계탕,삼계탕,2.9,189,https://place.map.kakao.com/8167893,"
경기 부천시 원미구 부일로237번길 23 2층
(지번) 상동 459-1
"
고창풍천민물장어,장어,4.6,19,https://place.map.kakao.com/26796041,"
경기 김포시 김포한강11로331번길 137 1층
(지번) 운양동 707-3
"
정진식당,"육류,고기",3.2,74,https://place.map.kakao.com/26862793,"
경기 수원시 영통구 중부대로 311 1,2층
(지번) 원천동 90-18
"
초계탕막국수,국수,3.5,37,https://place.map.kakao.com/13280241,"
경기 여주시 산북면 광여로 1024
(지번) 산북면 상품리 524-6
"
으뜸착한낙지 문산본점,"해물,생선",3.9,287,https://place.map.kakao.com/12436583,"
경기 파주시 파주읍 충현로 28
(지번) 파주읍 봉서리 405-1
"
포항물회,회,3.7,122,https://place.map.kakao.com/1191105383,"
경기 안양시 동안구 경수대로 829
(지번) 비산동 580-12
"
정담명가남원추어탕,추어,4.3,92,https://place.map.kakao.com/26645508,"
경기 용인시 기흥구 흥덕1로 5-18 1층
(지번) 영덕동 1272
"
석촌,닭요리,3.8,130,https://place.map.kakao.com/11140361,"
경기 광주시 남한산성면 남한산성로780번길 33
(지번) 남한산성면 산성리 700
"
박은자맛사랑,한식,4.3,92,https://place.map.kakao.com/26645803,"
경기 군포시 산본로323번길 6 2층 203,204호
(지번) 산본동 1129-1
"
블루문 아쿠아리움카페,테마카페,2.5,177,https://place.map.kakao.com/403797227,"
경기 남양주시 화도읍 북한강로 1491 1층
(지번) 화도읍 금남리 333-1
"
온정리닭갈비 금강막국수 본점,닭요리,3.3,1962,https://place.map.kakao.com/12082295,"
경기 가평군 상면 수목원로 16 1-2층
(지번) 상면 임초리 431-4
"
산사랑,한정식,3.3,258,https://place.map.kakao.com/12405307,"
경기 용인시 수지구 샘말로89번길 9
(지번) 고기동 372
"
오동추야,갈비,3.0,435,https://place.map.kakao.com/21259203,"
경기 이천시 증신로 160
(지번) 증포동 182-2
"
예사랑,닭요리,4.3,303,https://place.map.kakao.com/8019543,"
경기 양평군 옥천면 용천로 333 1층
(지번) 옥천면 용천리 152-5
"
홍가네영양센타,삼계탕,3.6,117,https://place.map.kakao.com/11197026,"
경기 안양시 만안구 장내로 148 1층
(지번) 안양동 622-181
"
스시료코,일식,4.1,148,https://place.map.kakao.com/27589555,"
경기 성남시 분당구 수내로 38 두산위브센티움1 1층 101호
(지번) 수내동 4-2
"
어가 본점,"해물,생선",3.6,135,https://place.map.kakao.com/24664427,"
경기 용인시 수지구 신봉1로301번길 3
(지번) 신봉동 603-2
"
봉피양 판교점,한식,3.4,60,https://place.map.kakao.com/269932132,"
경기 성남시 분당구 판교역로 235 H스퀘어 N동 1층 121,122호
(지번) 삼평동 681
"
맛있는 발효밥상 궁뜰 화담 숲 맛집 곤지암 맛집,한정식,3.9,41,https://place.map.kakao.com/14632782,"
경기 광주시 도척면 궁평하천길 38
(지번) 도척면 궁평리 2-5
"
차이나는 중식당 본점,중국요리,3.4,9,https://place.map.kakao.com/611855840,"
경기 김포시 김포한강1로78번길 62-7 1층
(지번) 장기동 1534
"
레드파이프,카페,3.9,4005,https://place.map.kakao.com/79944308,"
경기 파주시 지목로 17-7
(지번) 신촌동 444
"
버드나무,순대,4.4,47,https://place.map.kakao.com/718183209,"
경기 의정부시 발곡로23번길 14 1층
(지번) 신곡동 713-5
"
칠보농원,오리,3.8,302,https://place.map.kakao.com/23053913,"
경기 화성시 매송면 화성로 2435-8
(지번) 매송면 원평리 7-4
"
박은자맛사랑,한식,4.3,92,https://place.map.kakao.com/26645803,"
경기 군포시 산본로323번길 6 2층 203,204호
(지번) 산본동 1129-1
"
블루문 아쿠아리움카페,테마카페,2.5,177,https://place.map.kakao.com/403797227,"
경기 남양주시 화도읍 북한강로 1491 1층
(지번) 화도읍 금남리 333-1
"
온정리닭갈비 금강막국수 본점,닭요리,3.3,1962,https://place.map.kakao.com/12082295,"
경기 가평군 상면 수목원로 16 1-2층
(지번) 상면 임초리 431-4
"
산사랑,한정식,3.3,258,https://place.map.kakao.com/12405307,"
경기 용인시 수지구 샘말로89번길 9
(지번) 고기동 372
"
오동추야,갈비,3.0,435,https://place.map.kakao.com/21259203,"
경기 이천시 증신로 160
(지번) 증포동 182-2
"
예사랑,닭요리,4.3,303,https://place.map.kakao.com/8019543,"
경기 양평군 옥천면 용천로 333 1층
(지번) 옥천면 용천리 152-5
"
홍가네영양센타,삼계탕,3.6,117,https://place.map.kakao.com/11197026,"
경기 안양시 만안구 장내로 148 1층
(지번) 안양동 622-181
"
스시료코,일식,4.1,148,https://place.map.kakao.com/27589555,"
경기 성남시 분당구 수내로 38 두산위브센티움1 1층 101호
(지번) 수내동 4-2
"
어가 본점,"해물,생선",3.6,135,https://place.map.kakao.com/24664427,"
경기 용인시 수지구 신봉1로301번길 3
(지번) 신봉동 603-2
"
봉피양 판교점,한식,3.4,60,https://place.map.kakao.com/269932132,"
경기 성남시 분당구 판교역로 235 H스퀘어 N동 1층 121,122호
(지번) 삼평동 681
"
맛있는 발효밥상 궁뜰 화담 숲 맛집 곤지암 맛집,한정식,3.9,41,https://place.map.kakao.com/14632782,"
경기 광주시 도척면 궁평하천길 38
(지번) 도척면 궁평리 2-5
"
차이나는 중식당 본점,중국요리,3.4,9,https://place.map.kakao.com/611855840,"
경기 김포시 김포한강1로78번길 62-7 1층
(지번) 장기동 1534
"
레드파이프,카페,3.9,4005,https://place.map.kakao.com/79944308,"
경기 파주시 지목로 17-7
(지번) 신촌동 444
"
버드나무,순대,4.4,47,https://place.map.kakao.com/718183209,"
경기 의정부시 발곡로23번길 14 1층
(지번) 신곡동 713-5
"
칠보농원,오리,3.8,302,https://place.map.kakao.com/23053913,"
경기 화성시 매송면 화성로 2435-8
(지번) 매송면 원평리 7-4
"
원당쇠고기국밥,국밥,3.1,359,https://place.map.kakao.com/16141162,"
경기 고양시 덕양구 서오릉로 850
(지번) 성사동 274-2
"
한송정,한식,3.8,167,https://place.map.kakao.com/10936113,"
경기 안양시 동안구 부림로 156 안양법조센터 5층 .6층
(지번) 관양동 1044-3
"
보배네집,한식,3.0,163,https://place.map.kakao.com/7900550,"
경기 여주시 여양로 576-16
(지번) 오금동 405-2
"
올라메히꼬,"멕시칸,브라질",4.3,168,https://place.map.kakao.com/1160698851,"
경기 수원시 팔달구 신풍로23번길 59 1층
(지번) 신풍동 123-12
"
박은자맛사랑,"해물,생선",4.0,71,https://place.map.kakao.com/787475697,"
경기 수원시 장안구 대평로90번길 16 대일프라자 2층
(지번) 정자동 876-8
"
1982성북동왕돈까스,"돈까스,우동",3.3,357,https://place.map.kakao.com/234229102,"
경기 고양시 덕양구 충장로282번길 128 1층
(지번) 성사동 130-2
"
일산칼국수 본점,칼국수,4.0,2095,https://place.map.kakao.com/8045618,"
경기 고양시 일산동구 경의로 467 1층
(지번) 정발산동 1271-3
"
호천생갈비,갈비,3.6,566,https://place.map.kakao.com/212165394,"
경기 광명시 오리로 999 1층
(지번) 광명동 158-852
"
스시긴,"초밥,롤",4.5,64,https://place.map.kakao.com/26538487,"
경기 성남시 분당구 성남대로 170
(지번) 금곡동 159
"
쿠우쿠우 골드 민락점,해산물뷔페,4.1,514,https://place.map.kakao.com/1708914219,"
경기 의정부시 천보로 56 해동2타워 9층
(지번) 민락동 805-3
"
정인면옥평양냉면,냉면,4.3,302,https://place.map.kakao.com/17418077,"
경기 광명시 목감로268번길 27-1 1층
(지번) 광명동 91-10
"
원조춘천숯불닭갈비 본관,닭요리,4.6,53,https://place.map.kakao.com/16764162,"
경기 부천시 원미구 역곡로 17 1층
(지번) 역곡동 76-3
"
코미호미카페,카페,4.1,229,https://place.map.kakao.com/185439912,"
경기 가평군 가평읍 호반로 1646
(지번) 가평읍 복장리 70-1
"
현텐동,일식,4.4,47,https://place.map.kakao.com/6105204,"
경기 부천시 오정구 원종로 82 먼마루상가 A 1동 1층 105호
(지번) 원종동 290
"
본수원갈비 용인점,갈비,3.5,39,https://place.map.kakao.com/21683573,"
경기 용인시 처인구 중부대로 1387 1-4층
(지번) 김량장동 329-7
"
뽁식당 행궁동점,패밀리레스토랑,4.5,423,https://place.map.kakao.com/574859649,"
경기 수원시 팔달구 신풍로 34-1 플레이스베카 1층
(지번) 신풍동 221-19
"
향원,중국요리,4.0,272,https://place.map.kakao.com/789571344,"
경기 부천시 원미구 부일로 445 1층
(지번) 심곡동 399-13
"
뜰안채 채식뷔페,채식뷔페,4.3,45,https://place.map.kakao.com/7858537,"
경기 수원시 권선구 칠보로88번길 125 1층
(지번) 호매실동 821-1
"
모쓰,카페,3.5,90,https://place.map.kakao.com/1010049957,"
경기 성남시 분당구 새마을로 257 1층
(지번) 율동 200
"
고모리691,카페,4.0,398,https://place.map.kakao.com/8743858,"
경기 포천시 소흘읍 고모루성길 267 고모리691
(지번) 소흘읍 고모리 691-1
"
풍천수라간,장어,3.8,257,https://place.map.kakao.com/1434396164,"
경기 성남시 분당구 선지봉로 3 장안오피스텔 1층
(지번) 분당동 173-1
"
탑골순대국 신관,순대,3.8,366,https://place.map.kakao.com/925437337,"
경기 용인시 수지구 풍덕천로147번길 10-4 1층
(지번) 풍덕천동 715-4
"
js가든 현대백화점판교점,중국요리,4.1,15,https://place.map.kakao.com/1607284381,"
경기 성남시 분당구 판교역로146번길 20 9층
(지번) 백현동 541
"
정정아식당 시흥정왕점,한식,4.8,128,https://place.map.kakao.com/26822839,"
경기 시흥시 서촌상가4길 20 한성파크 1층
(지번) 정왕동 1730-4
"
북경마라샹궈,중국요리,3.7,364,https://place.map.kakao.com/25539393,"
경기 고양시 일산서구 원일로 89 1층
(지번) 일산동 592-25
"
카페산,커피전문점,3.6,357,https://place.map.kakao.com/709389810,"
경기 광주시 남한산성면 검복길 82 1-2층
(지번) 남한산성면 검복리 297-7
"
꽁당보리밥 평택직영점,한식,4.1,470,https://place.map.kakao.com/22803228,"
경기 평택시 만세로 1627-42 1층
(지번) 청룡동 397-32
"
원조장어가,장어,4.5,12,https://place.map.kakao.com/21755493,"
경기 안양시 동안구 관양로 111 1층
(지번) 관양동 1448
"
광릉불고기,"불고기,두루치기",3.9,413,https://place.map.kakao.com/9656870,"
경기 남양주시 진접읍 광릉내로82번길 40-1
(지번) 진접읍 팔야리 778-9
"
맥도날드 용인DT점,패스트푸드,4.6,62,https://place.map.kakao.com/1424013006,"
경기 용인시 처인구 백옥대로 1176 1-2층
(지번) 김량장동 177-9
"
문화주점사월,"호프,요리주점",4.8,155,https://place.map.kakao.com/436150489,"
경기 안산시 단원구 고잔2길 87 대성빌딩 119호
(지번) 고잔동 540-11
"
스시호시,일식집,4.2,727,https://place.map.kakao.com/903786442,"
경기 김포시 전원로 1 메디프라자 2층 201호
(지번) 운양동 1427-5
"
흙과사람들,한정식,3.7,320,https://place.map.kakao.com/8702099,"
경기 시흥시 비둘기공원로 21 대야하이빌 201~203호
(지번) 대야동 562-5
"
일상엔베이커리카페,디저트카페,4.3,243,https://place.map.kakao.com/1221836937,"
경기 수원시 팔달구 고화로 8 1,2층
(지번) 매산로3가 128-12
"
긴자 인덕원점,일식,3.8,50,https://place.map.kakao.com/1596801699,"
경기 안양시 동안구 흥안대로 402 3층
(지번) 평촌동 131-1
"
소울원,카페,3.8,120,https://place.map.kakao.com/20306361,"
경기 파주시 탄현면 검산로 424-12 1, 2층
(지번) 탄현면 축현리 122-4
"
영포화로 인계점,"육류,고기",4.6,1436,https://place.map.kakao.com/1925980004,"
경기 수원시 팔달구 효원로291번길 14-5
(지번) 인계동 1123-5
"
녹향원,한식,4.0,184,https://place.map.kakao.com/8254369,"
경기 고양시 덕양구 행주산성로 127-5 1층
(지번) 행주외동 163-5
"
늑대와양 (구)천리향양꼬치구이,양꼬치,4.7,6,https://place.map.kakao.com/15922940,"
경기 부천시 원미구 신흥로56번길 55 두리타워 2층
(지번) 심곡동 409-10
"
벨스타커피,카페,3.4,415,https://place.map.kakao.com/1455904155,"
경기 남양주시 와부읍 다산로 46 1층
(지번) 와부읍 팔당리 82-2
"
훈장골 동탄점,갈비,3.8,141,https://place.map.kakao.com/409250975,"
경기 화성시 동탄장지천2길 27
(지번) 장지동 943-1
"
마포본가 본점,갈비,4.4,467,https://place.map.kakao.com/13102659,"
경기 수원시 팔달구 경수대로519번길 10 1-2층
(지번) 인계동 959-5
"
스시현,"초밥,롤",3.7,148,https://place.map.kakao.com/857604199,"
경기 하남시 미사강변한강로 155 미사강변SKV1센터 근생 101호
(지번) 망월동 834-2
"
제이콥,커피전문점,4.1,306,https://place.map.kakao.com/616214511,"
경기 파주시 경의로 1114 에펠타워 9층 901호
(지번) 야당동 1076
"
벙커힐,양식,3.6,64,https://place.map.kakao.com/1366239839,"
경기 파주시 탄현면 성동로 60 1층 104호
(지번) 탄현면 성동리 718
"
문화주점사월,"호프,요리주점",4.8,155,https://place.map.kakao.com/436150489,"
경기 안산시 단원구 고잔2길 87 대성빌딩 119호
(지번) 고잔동 540-11
"
스시호시,일식집,4.2,727,https://place.map.kakao.com/903786442,"
경기 김포시 전원로 1 메디프라자 2층 201호
(지번) 운양동 1427-5
"
흙과사람들,한정식,3.7,320,https://place.map.kakao.com/8702099,"
경기 시흥시 비둘기공원로 21 대야하이빌 201~203호
(지번) 대야동 562-5
"
일상엔베이커리카페,디저트카페,4.3,243,https://place.map.kakao.com/1221836937,"
경기 수원시 팔달구 고화로 8 1,2층
(지번) 매산로3가 128-12
"
긴자 인덕원점,일식,3.8,50,https://place.map.kakao.com/1596801699,"
경기 안양시 동안구 흥안대로 402 3층
(지번) 평촌동 131-1
"
소울원,카페,3.8,120,https://place.map.kakao.com/20306361,"
경기 파주시 탄현면 검산로 424-12 1, 2층
(지번) 탄현면 축현리 122-4
"
영포화로 인계점,"육류,고기",4.6,1436,https://place.map.kakao.com/1925980004,"
경기 수원시 팔달구 효원로291번길 14-5
(지번) 인계동 1123-5
"
녹향원,한식,4.0,184,https://place.map.kakao.com/8254369,"
경기 고양시 덕양구 행주산성로 127-5 1층
(지번) 행주외동 163-5
"
늑대와양 (구)천리향양꼬치구이,양꼬치,4.7,6,https://place.map.kakao.com/15922940,"
경기 부천시 원미구 신흥로56번길 55 두리타워 2층
(지번) 심곡동 409-10
"
벨스타커피,카페,3.4,415,https://place.map.kakao.com/1455904155,"
경기 남양주시 와부읍 다산로 46 1층
(지번) 와부읍 팔당리 82-2
"
훈장골 동탄점,갈비,3.8,141,https://place.map.kakao.com/409250975,"
경기 화성시 동탄장지천2길 27
(지번) 장지동 943-1
"
마포본가 본점,갈비,4.4,467,https://place.map.kakao.com/13102659,"
경기 수원시 팔달구 경수대로519번길 10 1-2층
(지번) 인계동 959-5
"
스시현,"초밥,롤",3.7,148,https://place.map.kakao.com/857604199,"
경기 하남시 미사강변한강로 155 미사강변SKV1센터 근생 101호
(지번) 망월동 834-2
"
제이콥,커피전문점,4.1,306,https://place.map.kakao.com/616214511,"
경기 파주시 경의로 1114 에펠타워 9층 901호
(지번) 야당동 1076
"
벙커힐,양식,3.6,64,https://place.map.kakao.com/1366239839,"
경기 파주시 탄현면 성동로 60 1층 104호
(지번) 탄현면 성동리 718
"
더베로니스레스토랑,뷔페,3.8,121,https://place.map.kakao.com/26591885,"
경기 안양시 동안구 벌말로 126 오비즈타워 35층
(지번) 관양동 1802
"
이학갈비 김포점,갈비,3.7,79,https://place.map.kakao.com/948780046,"
경기 김포시 양촌읍 김포한강4로 233
(지번) 양촌읍 석모리 290
"
강원도막국수 당정점,국수,4.5,86,https://place.map.kakao.com/10130463,"
경기 군포시 한세로56번길 15
(지번) 당정동 971-1
"
나영이네,한식,3.6,115,https://place.map.kakao.com/1724936160,"
경기 의정부시 태평로63번길 6 1층
(지번) 의정부동 147-16
"
한탄강매운탕 본점,"매운탕,해물탕",4.5,273,https://place.map.kakao.com/10017798,"
경기 고양시 일산동구 성석로 91 1층
(지번) 성석동 888-6
"
두꺼비숯불생갈비,갈비,4.1,110,https://place.map.kakao.com/10289061,"
경기 오산시 역광장로 93 1층
(지번) 오산동 540-12
"
늘봄가,"육류,고기",3.1,157,https://place.map.kakao.com/963984454,"
경기 시흥시 옥구상가4길 7
(지번) 정왕동 1852-5
"
투썸플레이스 팔당점,커피전문점,3.2,116,https://place.map.kakao.com/1357212015,"
경기 남양주시 와부읍 경강로 768
(지번) 와부읍 도곡리 504-36
"
함흥도하냉면 본점,냉면,3.9,183,https://place.map.kakao.com/817085359,"
경기 양주시 율정로 340 1동 1층
(지번) 삼숭동 129-2
"
고메스퀘어 미사점,뷔페,3.1,437,https://place.map.kakao.com/1231060359,"
경기 하남시 미사강변동로 95 지하1층 1069,1096호
(지번) 망월동 1100
"
해물이네,"해물,생선",3.4,147,https://place.map.kakao.com/21749162,"
경기 의정부시 동일로128번길 23 1층
(지번) 장암동 196-5
"
뽕사부 용인점,중국요리,3.0,104,https://place.map.kakao.com/130300265,"
경기 용인시 기흥구 용구대로 2377 1층
(지번) 마북동 510-1
"
신사강정육점식당,"육류,고기",4.3,319,https://place.map.kakao.com/24054746,"
경기 수원시 장안구 정조로1088번길 11 1층
(지번) 송죽동 456-3
"
여자수산,"게,대게",3.4,181,https://place.map.kakao.com/10059598,"
경기 안양시 동안구 관악대로 76 1층
(지번) 비산동 559
"
주막보리밥 군포점,한식,3.5,432,https://place.map.kakao.com/1880144968,"
경기 군포시 속달로 108 1층
(지번) 속달동 66-8
"
달리온,"제과,베이커리",3.1,717,https://place.map.kakao.com/740598835,"
경기 의정부시 송산로915번길 123 1층
(지번) 산곡동 552-2
"
쏘삼208 인계나혜석거리점,삼겹살,4.9,516,https://place.map.kakao.com/1862277570,"
경기 수원시 팔달구 권광로196번길 27 1층 101호
(지번) 인계동 1115-18
"
싸리골,닭요리,2.7,44,https://place.map.kakao.com/12011567,"
경기 안양시 만안구 예술공원로131번길 6-33 1층
(지번) 석수동 820-6
"
신화쭈꾸미,"해물,생선",4.3,61,https://place.map.kakao.com/17745393,"
경기 군포시 산본로323번길 10-22
(지번) 산본동 1131-2
"
부추삼겹살,삼겹살,3.9,195,https://place.map.kakao.com/27228565,"
경기 수원시 팔달구 향교로 30 드림프라자 2층 201호
(지번) 매산로2가 32-1
"
